{
  "Plant_1": {
    "total_records": 68778,
    "avg_dc_power": 3147.4262112269344,
    "avg_ac_power": 307.8027522655169,
    "max_dc_power": 14471.125,
    "max_ac_power": 1410.95,
    "avg_efficiency": 5.232326189614342,
    "avg_daily_yield": 3295.9687371825944,
    "total_yield": 7846821.0,
    "avg_ambient_temp": 25.55865487291751,
    "avg_module_temp": 31.245891516124654,
    "avg_irradiation": 0.23232730748213412,
    "uptime_percentage": 53.54473814301085,
    "capacity_factor": 21.815284189058218,
    "hourly_performance": {
      "0": 0.0,
      "1": 0.0,
      "2": 0.0,
      "3": 0.0,
      "4": 0.0,
      "5": 0.0,
      "6": 56.135778039931104,
      "7": 250.23916308646275,
      "8": 498.9109997695522,
      "9": 709.3469454661097,
      "10": 852.328528777774,
      "11": 957.6883081188215,
      "12": 950.4819394891113,
      "13": 902.0329363746268,
      "14": 780.0390297989882,
      "15": 632.2519887038706,
      "16": 400.3119898545926,
      "17": 171.86559613103,
      "18": 22.15525770154431,
      "19": 0.0,
      "20": 0.0,
      "21": 0.0,
      "22": 0.0,
      "23": 0.0
    },
    "daily_performance": {
      "1": 509691.499996352,
      "2": 648667.570833055,
      "3": 658508.402385439,
      "4": 715775.188695238,
      "5": 674574.1559568869,
      "6": 560332.525003117,
      "7": 672139.494642089,
      "8": 730087.464753887,
      "9": 707237.483923641,
      "10": 565937.491073472,
      "11": 494174.862500689,
      "12": 511289.694645006,
      "13": 742032.653568625,
      "14": 621509.294643216,
      "15": 1143314.823691309,
      "16": 1113866.500197993,
      "17": 1181358.925715196,
      "18": 470969.708928819,
      "19": 532250.491070415,
      "20": 525084.567381412,
      "21": 662742.44940459,
      "22": 627830.107974623,
      "23": 745884.287973909,
      "24": 699817.810713852,
      "25": 771576.161311865,
      "26": 689483.769640826,
      "27": 585707.85571532,
      "28": 733119.455711131,
      "29": 713110.62762379,
      "30": 636043.194639892,
      "31": 525939.175002069
    },
    "weather_correlations": {
      "temp_correlation": 0.7249110088962162,
      "module_temp_correlation": 0.9549266334715133,
      "irradiation_correlation": 0.9893394584002189
    }
  },
  "Plant_2": {
    "total_records": 60859,
    "avg_dc_power": 151.0762931177609,
    "avg_ac_power": 147.96173509048174,
    "max_dc_power": 885.42,
    "max_ac_power": 864.0266666666668,
    "avg_efficiency": 40.44475175037665,
    "avg_daily_yield": 3240.710213757225,
    "total_yield": 2247916295.0,
    "avg_ambient_temp": 27.431129009930643,
    "avg_module_temp": 30.387624333242613,
    "avg_irradiation": 0.16424572137089358,
    "uptime_percentage": 41.40225767758261,
    "capacity_factor": 17.124672281389664,
    "hourly_performance": {
      "0": 0.0,
      "1": 0.0,
      "2": 0.0,
      "3": 0.0,
      "4": 0.0,
      "5": 0.0031023606023606017,
      "6": 57.01769875186542,
      "7": 239.47451346493014,
      "8": 497.47612535612535,
      "9": 528.4208632484776,
      "10": 340.96429813419144,
      "11": 281.6129339853301,
      "12": 290.0225640569476,
      "13": 296.57272644618706,
      "14": 379.67985576533505,
      "15": 537.5912614304685,
      "16": 394.22953524460166,
      "17": 179.13780570297635,
      "18": 30.389292531258313,
      "19": 0.0,
      "20": 0.0,
      "21": 0.0,
      "22": 0.0,
      "23": 0.0
    },
    "daily_performance": {
      "1": 219015.17873626374,
      "2": 358025.90571428573,
      "3": 329849.0338095238,
      "4": 295500.68476190476,
      "5": 266944.10047619045,
      "6": 249513.01571428572,
      "7": 202097.80714285714,
      "8": 242860.65194139193,
      "9": 354091.5004761905,
      "10": 245512.75225108225,
      "11": 335847.82216117217,
      "12": 402905.019047619,
      "13": 321648.00666666665,
      "14": 292020.0742857143,
      "15": 560822.8766666667,
      "16": 681705.0533333333,
      "17": 712309.5104395604,
      "18": 209147.41476190477,
      "19": 180822.0216941392,
      "20": 181308.7223809524,
      "21": 202337.73857142858,
      "22": 177609.88571428572,
      "23": 186106.51952380952,
      "24": 202177.45142857142,
      "25": 188414.73047619048,
      "26": 184992.70238095237,
      "27": 195447.55333333334,
      "28": 199321.48329670329,
      "29": 294110.5005894106,
      "30": 267314.02,
      "31": 265023.4980952381
    },
    "weather_correlations": {
      "temp_correlation": 0.4321699584412908,
      "module_temp_correlation": 0.5759597518612122,
      "irradiation_correlation": 0.5955073385336432
    }
  },
  "comparison": {
    "power_difference_pct": -51.92969068618108,
    "efficiency_difference_pct": 35.21242556076231,
    "yield_difference_pct": -1.6765487731113753,
    "better_performer": "Plant_1"
  }
}