{
  "Linear_Regression": {
    "train_r2": 0.9634168798249458,
    "test_r2": 0.8142421565650557,
    "train_mae": 23.698908385805282,
    "test_mae": 35.53190393944989,
    "train_rmse": 68.68108289461823,
    "test_rmse": 103.11380410848197,
    "accuracy_percentage": 81.42421565650557
  },
  "Ridge_Regression": {
    "train_r2": 0.963416614300822,
    "test_r2": 0.8142762222518369,
    "train_mae": 23.698962938383637,
    "test_mae": 35.532569024858404,
    "train_rmse": 68.68133214141811,
    "test_rmse": 103.10434877796357,
    "accuracy_percentage": 81.4276222251837
  },
  "Random_Forest": {
    "train_r2": 0.985956396556265,
    "test_r2": 0.8085801630072276,
    "train_mae": 15.113335785593456,
    "test_mae": 35.820010385511814,
    "train_rmse": 42.55357394270583,
    "test_rmse": 104.67348892274802,
    "accuracy_percentage": 80.85801630072275
  },
  "Gradient_Boosting": {
    "train_r2": 0.9786235849164181,
    "test_r2": 0.8196324133507693,
    "train_mae": 18.699698336056883,
    "test_mae": 34.49050923130276,
    "train_rmse": 52.50059183225354,
    "test_rmse": 101.6067303550968,
    "accuracy_percentage": 81.96324133507693
  }
}